{"adaptive":{"Logarithmic":{"MeanTime":[[0.03310944444444444,0.07438522222222223,0.16150866666666666,0.3627887777777778,0.8007452222222222,1.8807375555555557,4.992845555555555],[0.049693777777777774,0.10528566666666667,0.19479,0.42380288888888884,0.868168,1.9823420000000003,5.2985386666666665],[0.08656844444444445,0.184081,0.36414088888888885,0.7477902222222224,1.4684637777777776,3.3042966666666667,8.370750333333332],[0.19663388888888889,0.4235966666666667,0.7761737777777777,1.6434363333333333,3.3912857777777785,7.561318999999999,19.679186666666666],[0.3748792222222222,0.7971285555555556,1.4622802222222222,3.1044382222222224,6.387519999999999,14.583551111111111,36.71296044444445]],"Error_std":[[1.0475855924445058e-5,6.0293569187817056e-6,5.369935361561175e-6,3.697307380701641e-6,4.252464329846325e-6,2.7161011520888454e-6,1.957907308965719e-6],[6.499234153913692e-6,4.8124473711457615e-6,4.293576690934645e-6,2.5976543925145656e-6,2.8283657940952507e-6,2.863257007221572e-6,1.7007829604389457e-6],[6.012033517995284e-6,5.485758139707546e-6,5.010912767091006e-6,3.088302264264828e-6,2.408800275129826e-6,2.5065620734274787e-6,1.0632309240561324e-6],[5.481150118804997e-6,5.183049106760509e-6,2.9991685454625623e-6,3.4441232922030854e-6,1.9082817146632865e-6,1.3589472408383742e-6,8.954108375366369e-7],[8.89322828505775e-6,5.363203325994133e-6,3.937011331693132e-6,2.0586044773498717e-6,8.367090089647486e-7,1.4756027888650348e-6,7.076116608733965e-7]],"Error":[[6.208134779605707e-5,4.334278709580834e-5,3.865070677887985e-5,3.3513593355394436e-5,2.8650752166483074e-5,2.21877789886083e-5,2.24334043285644e-5],[5.767906320458567e-5,4.264716937841634e-5,3.471725036295812e-5,2.7875317571369893e-5,2.4680133708574727e-5,2.231138249388674e-5,2.0846318901304957e-5],[5.326881558653322e-5,4.068581216505434e-5,3.0647627345443416e-5,2.2548662784973848e-5,1.7676338393229926e-5,1.390302712075362e-5,1.1878723237628683e-5],[6.027519484962842e-5,4.075022433446511e-5,2.8790170302357e-5,1.8801157903298664e-5,1.4079950305613084e-5,1.0122764129049519e-5,8.027346285433362e-6],[5.7606894479088614e-5,3.7343954460513695e-5,2.6610126328808333e-5,1.9399808315341678e-5,1.4870138247060045e-5,9.576300787485276e-6,7.065843033033607e-6]]},"ConstantMultiplicity":{"MeanTime":[[0.029998555555555553,0.08409066666666666,0.14078233333333334,0.3554417777777778,0.8616959999999999,2.3781773333333334,8.0513],[0.04503544444444445,0.09980966666666666,0.22521800000000003,0.4764205555555555,1.1123025555555555,2.918124222222222,9.156069000000002],[0.0799601111111111,0.17167266666666667,0.3357015555555556,0.7112634444444443,1.6338116666666667,4.054846333333334,11.879413111111111],[0.18826411111111108,0.3890434444444445,0.7593747777777778,1.5892870000000001,3.2679647777777774,7.764002444444445,21.64865222222222],[0.3943845555555556,0.7617612222222222,1.5144308888888889,2.9995305555555554,6.354055888888888,14.335698222222224,38.11657733333333]],"Error_std":[[7.546064710728794e-6,1.0491644441828193e-5,6.513683949765873e-6,5.675011489165289e-6,5.1918986220644114e-6,6.007232711976689e-6,3.7738262638026584e-6],[1.0174274936919773e-5,8.938784662358019e-6,7.485437960166348e-6,3.5936993410660157e-6,4.72773154311823e-6,3.260211702666855e-6,2.782566997331509e-6],[6.428213147574338e-6,7.885291071761352e-6,8.818621362749782e-6,6.451688396868632e-6,4.178385263123307e-6,3.280192992676934e-6,2.5066309709312955e-6],[7.325669392014789e-6,7.316654692390612e-6,6.668306261408284e-6,6.450458923564592e-6,3.835877229531497e-6,2.2755360444820083e-6,2.727605150584097e-6],[8.420497352618356e-6,4.561852347685795e-6,6.12295923562846e-6,7.008711374280297e-6,4.129013706582811e-6,3.1897004920410843e-6,3.5573285396480637e-6]],"Error":[[7.847583007587573e-5,6.570001676848785e-5,5.120039793341404e-5,4.55426111753251e-5,3.9595562212135485e-5,3.47719389199956e-5,3.226715014083483e-5],[7.950366409367266e-5,5.677312140711088e-5,4.4115347666989165e-5,3.7278848394536553e-5,3.254427289283933e-5,3.050046884939445e-5,2.472101778727521e-5],[7.1641811250617e-5,6.063017689201541e-5,4.6167017526306416e-5,3.432320389496881e-5,2.9886302277109357e-5,2.5408482189642633e-5,2.1098692901681192e-5],[7.445646559321614e-5,5.8481468765686876e-5,4.483910967191526e-5,3.374490088939735e-5,2.908228662437761e-5,2.4855117210632142e-5,1.741576472407287e-5],[7.617682115646486e-5,5.7516086594649416e-5,4.31086153956794e-5,3.676997041377049e-5,2.737772077429523e-5,2.1740878674960163e-5,1.8923753706448593e-5]]},"Linear":{"MeanTime":[[0.031523666666666665,0.06675011111111111,0.13801988888888891,0.32039133333333336,0.6625106666666666,1.5443275555555556,4.221435],[0.049815888888888896,0.10296644444444444,0.2015941111111111,0.4299428888888889,0.8615876666666666,1.8696215555555555,4.969935444444444],[0.08891544444444444,0.20690599999999998,0.360418,0.7858237777777778,1.5334957777777778,3.2518765555555555,8.435578],[0.19952266666666665,0.4008356666666667,0.8198375555555555,1.7474067777777775,3.3966739999999995,7.475000222222224,20.693023111111113],[0.3763107777777777,0.7427965555555556,1.5577442222222222,3.2788542222222223,6.4213778888888875,14.51850811111111,38.412628111111104]],"Error_std":[[9.422878188332074e-6,6.069722502841608e-6,5.738934582530598e-6,4.138592146883593e-6,3.815982458793756e-6,2.2442930528793897e-6,2.4124291740037766e-6],[8.224033412889297e-6,7.586233414568658e-6,4.491509689814949e-6,4.308015541834123e-6,3.2986331972791872e-6,2.180883049158951e-6,1.486533067753426e-6],[6.409820834431591e-6,4.2072858772005374e-6,2.8004399215503603e-6,2.885051662823393e-6,1.7818184550927787e-6,1.4413654894046913e-6,1.018380552508623e-6],[7.008632017240269e-6,5.857534694072006e-6,3.2867678729338254e-6,2.1825257146332513e-6,2.0767205904047893e-6,8.536667596003622e-7,7.762094178250153e-7],[5.994534040941972e-6,8.889075061842097e-6,4.5701336075214234e-6,1.9803275152969976e-6,2.050495902879187e-6,1.5360077144398905e-6,1.3326392316273705e-6]],"Error":[[5.984837532554469e-5,5.392188864235446e-5,3.770757157148819e-5,3.533558609295136e-5,3.382287553486488e-5,3.248680396937613e-5,3.0347080171059867e-5],[5.773774269673528e-5,4.143427036184001e-5,3.3646477578873484e-5,2.8863826753034334e-5,2.4420818352213634e-5,2.2435956265433074e-5,2.324961688641686e-5],[5.197066583715733e-5,3.814524189356094e-5,2.559335395657203e-5,1.997045367468549e-5,1.697522823582013e-5,1.3543800202120554e-5,1.2823388096849143e-5],[4.859476412535184e-5,4.231661631152589e-5,2.5834850769630828e-5,2.082399512958357e-5,1.320837018311951e-5,9.357405523060273e-6,7.329816873743264e-6],[4.8382323432838155e-5,3.496837801051199e-5,2.6117107677616183e-5,1.8907897454689557e-5,1.2832963539049626e-5,8.871374137080529e-6,6.878772526559628e-6]]}},"regular":{"Logarithmic":{"MeanTime":[[0.01734622222222222,0.03662555555555555,0.07236866666666668,0.14844277777777778,0.3552512222222222,0.6652404444444445,1.5990019999999998],[0.032252555555555555,0.06901477777777779,0.1307912222222222,0.2693756666666667,0.6108178888888889,1.1794678888888888,2.8333921111111113],[0.05869177777777779,0.12774733333333332,0.25160255555555555,0.5211218888888889,1.1312865555555556,2.1675347777777776,5.2363258888888895],[0.1426471111111111,0.29998011111111106,0.5747442222222223,1.1866844444444444,2.6205975555555563,5.029977111111111,11.97387322222222],[0.2641677777777778,0.5675401111111111,1.1569864444444447,2.3332451111111108,4.956975666666667,9.974002777777777,22.92202833333333]],