{"Adaptive":{"Logarithmic":{"MeanTime":[[0.036689000000000006,0.0845807,0.1957793,0.42335019999999995,0.9339188500000001,2.1433694999999995,5.350940800000001],[0.05127355,0.10895590000000002,0.23832675,0.46694260000000004,0.9867872499999999,2.24470395,5.702196549999999],[0.10292094999999998,0.1911093,0.3969847,0.8323247,1.6661172499999997,3.6784600999999997,9.139689899999999],[0.2089842,0.44816795000000004,0.9033532,1.8241278,3.72454345,8.2946015,20.452412100000004],[0.38806435,0.8184623999999999,1.6778165,3.4185296999999992,7.001559200000001,15.523169199999998,38.74670049999999]],"Error":[[2.7081495944704233e-5,2.5758139459808915e-5,2.4849279561817393e-5,2.453024955842139e-5,2.1680701881862668e-5,1.9982191310609925e-5,1.9509010347306483e-5],[1.7101331380253747e-5,1.864398101881604e-5,1.6893445982879163e-5,1.8390235041368152e-5,1.7661359366918594e-5,1.8719494852936167e-5,1.8421515829459454e-5],[1.1115004398889855e-5,8.602298133732393e-6,1.316603586316308e-5,1.0014536100697583e-5,1.0676537119527728e-5,9.528966284659656e-6,9.82748213894923e-6],[8.355858222517469e-6,7.853185888534857e-6,7.884502693923796e-6,4.901896438422376e-6,6.902660573326022e-6,5.686407879668708e-6,5.507450610458926e-6],[9.344446742121141e-6,7.461144889451772e-6,8.997756060600686e-6,5.576999877356967e-6,5.5690320705048935e-6,6.4430235882203975e-6,5.768477554535906e-6]]},"ConstantMultiplicity":{"MeanTime":[[0.03170930000000001,0.06908475,0.1688673,0.38698285,0.9537180499999998,2.6045001,8.500165449999999],[0.05711869999999999,0.10316460000000001,0.23051489999999997,0.5306742000000001,1.216463,3.2517456000000005,9.55816315],[0.08609919999999999,0.19638724999999999,0.37813295,0.7870704,1.7595937499999998,4.40875645,12.426198150000001],[0.19302385000000002,0.40864900000000004,0.8482355500000001,1.6959085999999999,3.4897775500000003,8.0519333,21.2753047],[0.3708865,0.7760924,1.5936177,3.2639961500000005,6.708896149999999,14.919543749999999,37.049542349999996]],"Error":[[3.853773905480163e-5,3.663202145684374e-5,2.9885519563836127e-5,3.0463903280515987e-5,3.031015932876648e-5,2.734341902079548e-5,2.5530613068447e-5],[2.21857424424952e-5,1.842150152331188e-5,1.808124652965821e-5,1.4732387714003578e-5,1.812412731588769e-5,1.823669410141735e-5,1.6262882510730178e-5],[1.3718590653846953e-5,1.0980101270288664e-5,9.355676076392685e-6,1.127567831237583e-5,9.875702209179736e-6,1.0098603626393809e-5,1.0269287432202059e-5],[1.3999276549475903e-5,6.948134694540797e-6,4.556948096424958e-6,7.641405268416147e-6,6.016735268472346e-6,6.7876205491893745e-6,6.185845062445542e-6],[1.0307559553760595e-5,6.30391556888659e-6,8.473717731958134e-6,6.5549220417754e-6,6.0463445057808865e-6,5.904722456143855e-6,6.5928358128436165e-6]]},"Linear":{"MeanTime":[[0.03528969999999999,0.07570569999999999,0.16698265,0.3690122,0.7934416499999999,1.86097535,4.902783],[0.05531634999999999,0.1171927,0.24032114999999998,0.49356479999999997,1.0187827999999999,2.26780165,5.6332023],[0.09659449999999999,0.2045349,0.41958715,0.8507123999999999,1.72597435,3.8767044,9.4403166],[0.22543000000000007,0.44588145000000007,0.9060578499999998,1.8970194,3.8773648,8.572541,20.81302105],[0.39769914999999995,0.8518688999999998,1.7294514500000002,3.4985007499999994,7.341359,15.8991201,39.1010974]],"Error":[[3.4878094418340646e-5,3.5436981424290934e-5,3.0059278866090025e-5,3.148432621804274e-5,3.01213476158116e-5,2.803273962409845e-5,2.7311697072681383e-5],[2.0850044090844e-5,1.9892067679442202e-5,1.955922178695839e-5,1.9734252190501685e-5,1.970382205848394e-5,1.8849808723751126e-5,1.922603883809581e-5],[1.1281540387178379e-5,1.0125979239226753e-5,1.0819648557532782e-5,1.1434350027135878e-5,1.0191992337984028e-5,9.840649852076875e-6,1.034087371885852e-5],[5.867073809666048e-6,8.41736387895617e-6,4.851297871988451e-6,5.832722633898294e-6,6.290091301082862e-6,6.237815877526704e-6,5.965701293484093e-6],[5.391108766224051e-6,7.909395873130099e-6,6.053777970431532e-6,5.9866023930954954e-6,6.6680823339630145e-6,5.749536490397375e-6,5.69256368595723e-6]]}},"Regular":{"Logarithmic":{"MeanTime":[[0.02391115,0.050303,0.11296690000000001,0.2464011,0.5614024000000001,1.2576111500000002,2.13018165],[0.04443745,0.0884931,0.19347489999999998,0.45230955,0.9265847500000002,2.08574245,3.61167405],[0.07798669999999999,0.18685355,0.34361175000000005,0.7372395,1.63081305,3.924655200000001,6.3796447],[0.1715535,0.37301790000000007,0.84245805,1.6742299000000003,3.61379875,6.7525174,13.89028205],[0.32346149999999996,0.7056509,1.54407585,3.16066645,6.7587207000000005,11.0735364,25.624251800000003]],"Deficit":[[669842.2663055555,626234.8205138888,803049.5829166666,719238.2902777778,667546.6384722223,666575.6714027778,685201.2090277778],[8.882902777777778,117.75280555555555,75.83944444444444,21.20040277777778,183.2554861111111,3206.022263888889,1614.451375],[0.0,0.0,0.0,0.0,0.0,0.05634722222222222,0.0],[0.0,0.0,0.0,0.0,0.0,0.0,0.0],[0.0,0.0,0.0,0.0,0.0,0.0,0.0]],"Error":[[3.738540624208537e-5,3.3664631190811404e-5,3.1186126904615345e-5,3.3050573192818524e-5,3.2659563481503794e-5,3.2437827768852494e-5,3.279529434733191e-5],[1.5979182063650506e-5,1.9199004357578948e-5,1.8012053765051537e-5,1.827789046290006e-5,1.9136732974671726e-5,1.805336546563842e-5,1.8519776431613952e-5],[1.1115004398889855e-5,8.602298133732393e-6,1.3139143908187381e-5,1.0014536100697583e-5,1.0671090607579943e-5,9.52303785085297e-6,9.85513155030436e-6],[8.355858222517469e-6,7.853185888534857e-6,7.884502693923796e-6,4.901896438422376e-6,6.902660573326022e-6,5.686407879668708e-6,5.507450610458926e-6],[9.344446742121141e-6,7.461144889451772e-6,8.997756060600686e-6,5.576999877356967e-6,5.5690320705048935e-6,6.4430235882203975e-6,5.768477554535906e-6]]},"ConstantMultiplicity":{"MeanTime":[[0.022499099999999998,0.045170749999999996,0.09578769999999999,0.22854239999999998,0.4921512999999999,1.1832156,1.9915539499999997],[0.04075255,0.10337274999999999,0.20186845,0.41560490000000005,0.8724992,2.0049911,3.3052521999999995],[0.07603445,0.15253809999999998,0.3350447,0.6962099,1.5065989,3.403607,5.7577947],[0.16047345,0.34685785,0.7286961000000001,1.56493475,3.3008420000000003,7.74824265,12.899110949999999],[0.36073649999999996,0.67885165,1.4193353499999999,3.0121897,6.446273100000001,14.307181349999999,24.1587496]],"Deficit":[[20439.58461111111,62219.910124999995,156228.263125,291208.6797361111,541913.5271805555,962042.9339861111,1.5415789379305555e6],[892.3402777777778,5545.832916666666,16824.531305555556,44752.29522222222,107890.11018055555,236050.5655138889,467943.0475555556],[0.0,63.36654166666666,796.346625,2399.8216805555558,12280.286972222222,33097.340305555554,94931.75523611112],[0.0,0.0,0.0,7.376555555555555,14.846958333333333,466.176375,2256.5354722222223],[0.0,0.0,0.0,0.0,0.0,23.084722222222222,18.419180555555556]],"Error":[[4.033451064249508e-5,5.3174186649559804e-5,6.441104097803415e-5,8.335726168471035e-5,0.00010734358316113583,0.0001325118533989298,0.000156835493794626],[2.063501128910656e-5,2.1621011200513876e-5,2.3477300298410784e-5,2.989766017511666e-5,4.171248849048292e-5,5.9345312919709874e-5,8.456327933413092e-5],[1.3718590653846953e-5,1.0753105373535942e-5,8.577590192622997e-6,1.0942374040048037e-5,1.0248196329036676e-5,1.3491995393337305e-5,2.643869818720381e-5],[1.3999276549475903e-5,6.948134694540797e-6,4.556948096424958e-6,7.68013449229352e-6,5.943892775816896e-6,6.389851818166547e-6,6.236831072047174e-6],[1.0307559553760595e-5,6.30391556888659e-6,8.473717731958134e-6,6.5549220417754e-6,6.0463445057808865e-6,5.814800294078321e-6,6.63360746354132e-6]]},